<?xml version="1.0" ?>
<profile>
 <service_profile>
  <prop name="name"><![CDATA[windows_wmi_services]]></prop>
  <prop name="description"><![CDATA[Windows Monitoring via WMI]]></prop>
  <prop name="service"><![CDATA[WMI_Win_CPU]]></prop>
  <prop name="service"><![CDATA[WMI_Win_Diskpace]]></prop>
  <prop name="service"><![CDATA[WMI_Win_EventLog]]></prop>
  <prop name="service"><![CDATA[WMI_Win_Memory]]></prop>
  <prop name="service"><![CDATA[WMI_Win_Process]]></prop>
  <prop name="service"><![CDATA[WMI_Win_Service]]></prop>
  <prop name="service"><![CDATA[WMI_Win_Uptime]]></prop>
 </service_profile>

 <command>
  <prop name="name"><![CDATA[check_wmi_plus]]></prop>
  <prop name="type"><![CDATA[check]]></prop>
  <prop name="command_line"><![CDATA[$USER1$/check_wmi_plus.pl -H $HOSTADDRESS$ -u $USER15$ -p $USER16$ --extrawmicarg --option="client ntlmv2 auth"=Yes -m $ARG1$]]></prop>
 </command>
 <time_period>
  <prop name="comment"><![CDATA['24x7' timeperiod definition]]></prop>
  <prop name="name"><![CDATA[24x7]]></prop>
  <prop name="alias"><![CDATA[24 Hours A Day, 7 Days A Week]]></prop>
  <prop name="tuesday"><![CDATA[00:00-24:00]]></prop>
  <prop name="friday"><![CDATA[00:00-24:00]]></prop>
  <prop name="sunday"><![CDATA[00:00-24:00]]></prop>
  <prop name="saturday"><![CDATA[00:00-24:00]]></prop>
  <prop name="wednesday"><![CDATA[00:00-24:00]]></prop>
  <prop name="monday"><![CDATA[00:00-24:00]]></prop>
  <prop name="thursday"><![CDATA[00:00-24:00]]></prop>
 </time_period>
 <service_template>
  <prop name="retry_check_interval"><![CDATA[1]]></prop>
  <prop name="template"><![CDATA[template-service]]></prop>
  <prop name="is_volatile"><![CDATA[0]]></prop>
  <prop name="check_period"><![CDATA[24x7]]></prop>
  <prop name="notification_period"><![CDATA[24x7]]></prop>
  <prop name="max_check_attempts"><![CDATA[3]]></prop>
  <prop name="notification_options"><![CDATA[u,c,w,r]]></prop>
  <prop name="name"><![CDATA[generic-service]]></prop>
  <prop name="normal_check_interval"><![CDATA[5]]></prop>
  <prop name="notification_interval"><![CDATA[120]]></prop>
 </service_template>
 <service_template>
  <prop name="flap_detection_enabled"><![CDATA[1]]></prop>
  <prop name="check_freshness"><![CDATA[0]]></prop>
  <prop name="notifications_enabled"><![CDATA[1]]></prop>
  <prop name="event_handler_enabled"><![CDATA[1]]></prop>
  <prop name="active_checks_enabled"><![CDATA[1]]></prop>
  <prop name="process_perf_data"><![CDATA[1]]></prop>
  <prop name="passive_checks_enabled"><![CDATA[1]]></prop>
  <prop name="retain_status_information"><![CDATA[1]]></prop>
  <prop name="parallelize_check"><![CDATA[1]]></prop>
  <prop name="retain_nonstatus_information"><![CDATA[1]]></prop>
  <prop name="name"><![CDATA[template-service]]></prop>
  <prop name="comment"><![CDATA[# Generic service definition template]]></prop>
  <prop name="obsess_over_service"><![CDATA[1]]></prop>
 </service_template>
 <extended_service_info_template>
  <prop name="script"><![CDATA[]]></prop>
  <prop name="comment"><![CDATA[]]></prop>
  <prop name="notes"><![CDATA[View PNP graphic]]></prop>
  <prop name="name"><![CDATA[basic-template]]></prop>
  <prop name="action_url"><![CDATA[/pnp4nagios/index.php/graph?host=$HOSTNAME$&srv=$SERVICEDESC$' target='pnp' class='tips' rel='/pnp4nagios/index.php/popup?host=$HOSTNAME$&srv=$SERVICEDESC$]]></prop>
 </extended_service_info_template>
 <service_name>
  <prop name="command_line"><![CDATA[check_wmi_plus!checkcpu -w 95 -c 99]]></prop>
  <prop name="template"><![CDATA[generic-service]]></prop>
  <prop name="extinfo"><![CDATA[basic-template]]></prop>
  <prop name="name"><![CDATA[WMI_Win_CPU]]></prop>
  <prop name="check_command"><![CDATA[check_wmi_plus]]></prop>
 </service_name>
 <service_name>
  <prop name="command_line"><![CDATA[check_wmi_plus!checkdrivesize -a "." -w _Used%=90 -c _Used%=95]]></prop>
  <prop name="template"><![CDATA[generic-service]]></prop>
  <prop name="extinfo"><![CDATA[basic-template]]></prop>
  <prop name="name"><![CDATA[WMI_Win_Diskpace]]></prop>
  <prop name="check_command"><![CDATA[check_wmi_plus]]></prop>
 </service_name>
 <service_name>
  <prop name="command_line"><![CDATA[check_wmi_plus! checkeventlog -a application -o 2 -3 1 -w 50 -c 100]]></prop>
  <prop name="max_check_attempts"><![CDATA[2]]></prop>
  <prop name="template"><![CDATA[generic-service]]></prop>
  <prop name="extinfo"><![CDATA[basic-template]]></prop>
  <prop name="name"><![CDATA[WMI_Win_EventLog]]></prop>
  <prop name="check_command"><![CDATA[check_wmi_plus]]></prop>
  <prop name="normal_check_interval"><![CDATA[60]]></prop>
 </service_name>
 <service_name>
  <prop name="command_line"><![CDATA[check_wmi_plus!checkmem -w 98 -c 100]]></prop>
  <prop name="template"><![CDATA[generic-service]]></prop>
  <prop name="extinfo"><![CDATA[basic-template]]></prop>
  <prop name="name"><![CDATA[WMI_Win_Memory]]></prop>
  <prop name="check_command"><![CDATA[check_wmi_plus]]></prop>
 </service_name>
 <service_name>
  <prop name="command_line"><![CDATA[check_wmi_plus!checkprocess -a svchost.exe -c 1:]]></prop>
  <prop name="template"><![CDATA[generic-service]]></prop>
  <prop name="extinfo"><![CDATA[basic-template]]></prop>
  <prop name="name"><![CDATA[WMI_Win_Process]]></prop>
  <prop name="check_command"><![CDATA[check_wmi_plus]]></prop>
 </service_name>
 <service_name>
  <prop name="command_line"><![CDATA[check_wmi_plus!checkservice -a netlogon -c _NumGood=1: ]]></prop>
  <prop name="template"><![CDATA[generic-service]]></prop>
  <prop name="extinfo"><![CDATA[basic-template]]></prop>
  <prop name="name"><![CDATA[WMI_Win_Service]]></prop>
  <prop name="check_command"><![CDATA[check_wmi_plus]]></prop>
 </service_name>
 <service_name>
  <prop name="command_line"><![CDATA[check_wmi_plus!checkuptime]]></prop>
  <prop name="template"><![CDATA[generic-service]]></prop>
  <prop name="extinfo"><![CDATA[basic-template]]></prop>
  <prop name="name"><![CDATA[WMI_Win_Uptime]]></prop>
  <prop name="check_command"><![CDATA[check_wmi_plus]]></prop>
 </service_name>
</profile>